Name,Wallet,Roles
,,
Erik Bukckens,0xB46adfe7e10675b1E43F9132dA7f00A9aD3642f3,Artist
Matt King ,0xF9E1845cf5E982F4E13F23d75d41Bf795d35Bcf1,Artist
dwypto,0x185c01A7CE4721f172ACC6D33296408Cef549E3A,Artist
Neverland,0x781622cbdc0Da00d62600439875F0Ac3198F1dCA,Artist
Veepul Rege,0x1B6e58C8904f320d4f55e17704a9Fe05F50BCe47,Artist
Unhurd,0x561795d64E310fE2CEd04c58476251e89bF1b182,Artist
Anna Condo,0x0CE3dd4BF469058518674f7eb8F4E75e46b1E068,Artist
Gerry Melendez,0x1039893b37Afd300Ea40581305870Ac6F9f5DD32,Artist
Jackie Fogerty,0xe3029dbf2f4E5CDE524dC34F38045bca5B081117,Artist
VLAD,0xed1123Cf41c8F4fFd81bd21c53B5B0687477E391,Artist
Horse Whistler,0x2526B26D31500d8D7711b80e22a9F48D2142a2eF,Artist
Tyler James,0x9702a0cd0aA7BB7db7727846A0170aB7758Bd428,Artist
said_sc,0x447F043bD961278787fd79318864e09D5FBf8682,Artist
Nick Kiefer,0xF04471496Ab5fD2B3C14eAdACc10387D8bC3345b,Artist
Malaury Buis,0xc88AcaE23b29171ed51757FBC8bF72c283a2293C,Artist
Grvywvy,0xd27f21F9E620cbaAB77ad8d9170475447276286c,Artist
Lauren McDonagh-Pereira,0x05A900E3728403fE758eBb3Cae93E24E738BFa2F,Artist
jaymesrogers,0xC619F81C6Ae4081eEB1F485B2055d5c07AF4D777,Artist
Brian Nicolau ,0x15BadcE39af5C8c15A13bc70d3E54482d0777978,Artist
Uidfilms,0x8C925133eaFe84D5A6aE7d5ab003d09352021da7,Artist
Aileen,0xf24ae000Ef808F95fb68f0167bF2D1096c2A2c36,Artist
Yuri,0xe01CF9C2f08e0bB3CBfad7d05c20deD26245fe63,Artist
Newnotes,0x736353Be76D2419496b0A4869985dfFB0FE1173a,Artist
Noah Addis,0xc828DF18d5A55009AB502137a64e9D77808A5Bf6,Artist
James Pitts,0xbA3A6000895fa693a34D1b6C278BCb950B406FeA,Artist
Yalım Vural ,0xBa221bb0A7B9050E78007D7275F91897E650dAAA,Artist
Alessandro,0xC084B410c91D76793EF156B3B3b14115763688D7,Artist
Dharma deVo,0xa0cb5fec6e37a35d03300424aa2e82367c4163eb,Artist
misscoolpics,0xe5f81629BDbBD2c1bBd2915507f12515920Ac3eD,Artist
Will Samuel Heather,0xC9b9B6b465ff7c8BC402D5AcfAeA097571D2266f,Artist
Guga Carvalho,0x4a6600A46b33208Ba05e916521867a0e612248Fa,Artist
herio,0xeBE5760B77bB0c0dbB18Ca9179FddFC41812AC8C,Artist
Gerhard Rainer,0x4DcdfE37485CD3f9E2424AD7F7c39b84a17A91af,Artist
Koben,0x85b65BD430f4B473d33eb97b0E5A20AABAB46CFc,Artist
Ortho Stice,0xcCbe7cb4CA2a8eE015cE0a9e50b1ce46aDF59D12,Artist
Sreeranj,0x1471966abfe75cF87Fdad8B76D657EAB8400f0B0,Artist
Red Forest,0x3472fa1a1067Bce3c74dd66574b271742a1dF8eF,Artist
Erik Witsoe,0x564D29d85cf45D5a1f1c7A45474c67b89F0eb29E,Artist
Stephan Hellin,0x23118FFc015eCFb33925bF65C47869a4A4Ed32b1,Artist
Kiera,0xf3Ddd776E322F5BBa74A2E613a5b14B5503cf699,Artist
Scott Smith,0xaf12A9aF19331FA9b89915537CE9D41BcE5E4c5d,Artist
Von,0xe2DBb451Cd7Bf788AaB33EAa2Ae5d72fdDfeC9df,Artist
Jules,0x6c59439214eb37e9e57f692345391088c67ae8ec,Artist
n8,0xE8D391EF649a6652b9047735F6C0D48b6ae751DF,Artist
Introspecman,0xC874cB8808C8a5DAc6AbfBD0CdB8B32ee4e5B1d3,Artist
By_Lemay,0xBB9323a9E65108ebc97a8f0957e751B793eAf4DB,Artist
Dustin Rabin,0xBEa2995E431B3F38aC9D82C802e71A3c89C09A25,Artist
Lesley Christine,0x4F626CfE5aC2278DC3315eE1ED65B21c1E236DC3,Artist
Santiago Vázquez ,0x9F755880A28fD3899FaF1c7D09fCB39bAbB4F7a8,Artist
Wim Van Cappellen,0x70DDDA43d4f616263b1dB0ec672CbD8795db13b1,Artist
Ángel Costa,0x510E55779c4DcE3f76c54c298319A80b8378EdBe,Artist
Ashten,0x5812500E79C78D0525c4Dd60BB50012d3969e995,Artist
Pacrmn,0x92C9e2D6a6A69C97cAaa908A03da56d41b960C2b,Artist
EchoBravo,0x5Ecc8919024828855b8c1dCC418CB7DabFda9BF6,Artist
HeatherPsyD,0x0CE3dd4BF469058518674f7eb8F4E75e46b1E068,Artist
John Picciuto,0x34fAE48dAa45beA5C336F101a271F0b677feaCdF,Artist
Alex,0x55e32475cb0AE0434Ae6CCeFc8B9A1d7A146A68a,Artist
Zach Wolkstein,0xc81d4ab2303A5d03B46F7060AD5c32Ea70c38Fdf,Artist
Timothy Petrenko,0x6DB215DA508b1c9fAABeC918Cc0753796f56718e,Artist
Daniel Fernandez,0xf458CBD025443fc97A6ab9c8c4a451699F5A6Cde,Artist
Arturo Rodriguez,0x26708b7d7e0ba7e222d76958783ab320656ced0b,Artist
Just Shoot Light,0xdb9eb5e43acb165b5552d313c8f47185661990bd,Artist
Afilmativo ,0xbe0d8edd3c7f47a0ff9d83d57c937d66ff4b3aa8,Artist
Mine Manap Turel,0xD7fEb6F85f4A1E6aE018D73a5d96497A996bF58f,Artist
George Edward Giunca 180books,0xF5EA796413D14CFDAc42312664405E04c42f055C,Artist
Julien Rapallini / ElChup,0xC4680ba2365418fAb2CCab206eD99E2C19219470,Artist
Agustin Barrutia,0x6486675EF9fdA0e4cE00a4d580571b0A7233D4B6,Artist
Francis 'Beloved' Ogunyemi,0x43cD12Ac683DA3460E315638900122a3809331e5,Artist
Bálint Popovits,0x2D839c254D31C8ca19b39731ACAC170232B35663,Artist
Zollz,0x825d18c3ec1D54F61f463F1f97aD070F1A876F5c,Artist
Random koinch ,0x0AA98068781700714DF6B97806780E502c63353b,Artist
mark mcneill ,0xD5b49667f8846C70aa13056b4aDCbf19A68Dca09,Artist
Dano,0xbC1f37C7226fA710D0de26E63f18FF32cB53FA48,Artist
Infphy,0x2740a78dECC708271FED085a57DFc235B050F24f,Artist
Ryan Struck,0x8611abf2e6fc4ba00e9e3d10cdb1e5382cde1f84,Artist
JOM,0xb74072b2ba81158b8753A6FA76473a37e486E92E,Artist
Kaleidoscope,0xa95aD21917aF866923ea0a7BA144d14e056905bd,Artist
Hugo Faz,0xC839de0fEd241607d50aa4107aE582443B906e4c,Artist
Guilherme Pedroso,0xB6079178B306d2454Bad91756143B772AD1f1944,Artist
SureshN,0xFD904360F15eA845097F6f26464F7B93d843Fa3B,Artist
Dino Celotti,0x565465a0E19309ECB839319453E2c83Aa0BeFDF2,Artist
Heather N. Stout,0x1712Bf0c459Dc5C85B78eEe46642d169bE0Ae1Bd,Artist
Bokeh Obscura,0x7124f10B591fCC647Cc4882BD2feCb6c16531509,Artist
Mauro Celotti,0xc5a17f8c74e5bc50f371df97aeac5b132ccd38d8,Artist
Vince Bressan,0x260F47F318a9DB3d3148D5892D1dc95f0c68EbAf,Artist
Diego Marigno,0x08255e706F23aB1F5703Eb717d8CfB5d097aE0F6,Artist
Fariz,0xcCe4eFc6882fF0FC60E70BAA33c3B8dCeEf4E827,Artist
SmokeSalt.eth ,0x5FD6698FE80d221b29c1628a55c81feDb46B5b21,Artist
Mandy Wood,0x47aE34439CF54d2d436AA4E916c8FE4e3F0bC11f,Artist
Julio Leão,0xaded433c89885aD84a8822268deF8c92EbB8b52a,Artist
Kenneth Morton,0xbfB003092E1187C75129E2c42b25871c001Fa1e2,Artist
Emily Baker,0x423B01535A46b437165D0b253Acce8f13Ab953Fa,Artist
Angela Marie,0x8E65f3d120BA31aE6595511F77B8f361410F5c06,Artist
Boripixels,0x2F1A50B42528ceE88bffDE924dC18d1d0D8CC021,Artist
Jota Pé,0x382DB824e89dc8244d5c507Ac484b86E28c0367e,Artist
Sketchlight,0x695Aafa716A307cB72A6DC0Df7B33E6230CA1908,Artist
Christopher James,0x4076EcA4Db9684Fa1D9bfAc231CB516889A33E5A,Artist
Yalda Eskandari,0x884bf8b9c21B66B28679987E2FE1c59B849AB382,Artist
Eman Ali,0x3aE33A926a69aeb1Ca977CEC976b9e53FA84fc25,Artist
vertigo,0x18111df217f0F54EAaD4704399Fa8e7a2Dd94E05,Artist
"Chris, The Red",0x090c28Bd9C5B6f34C11Ed409eD719F1Fbf17a2e8,Artist
Hermes Bezerra,0x87DEE6ac79e734d5e1C21C89C8eAeD8f5885553a,Artist
Karen Caetano,0xd10E4De8bC7ACf771242FAe8Bc491dE9DDC1396A,Artist
Vinas,0x2a7d69b2bD30ac45F405D4b7b04D89cFB1532037,Artist
Mehdi Nazeri,0x533a6C879b6d607b63E94ED6619A687E843b4D1F,Artist
Taesirat Yusuf,0x892EFefaBc660502F2914eaB28cE9A445813EE90,Artist
Aiess ,0x2702d7b843a994a388B830f64f9Ca17118F965C1,Artist
Ariadna Romo,0xEc3e1cd8627f6071bF25a7E75D0f3Fab045F8167,Artist
Estêvão Andrade,0x03e9b685b74d4ebf7531BF6A4cDBd891467e7e8c,Artist
Carlos Maseda,0x90873ACC11d3e0E3Ebca98efd477BF7a79EabC41,Artist
Tom Durantre,0x71522B91Cd3e0C0B75F8ca5A33043BC7aa380F04,Artist
Dream Shifter,0xEeBD7ceD5559360FC6493dd43822Fc13A45A2caD,Artist
"Rami ""Entanese"" El-Sabban",0x9cBFC9Cda35D51f370a6148849b107Aa3cc5f745,Artist
Ali Farouk Saloum,0x497B5AF00112F42f57B2496BDe21123b1D4F85d6,Artist
Isa Rus,0x85cB6ab4b818A4db2E2812e41f4f33a52A662aC6,Artist
Bruna Ferreira Rodrigues,0xc613F84539FD5fdA452f780eBDe9421Fc78DBf2a,Artist
Igor Dias Silva,0x051F7Be713B3f3615D60FD7010a5c4335aC3C94E,Artist
Ray Vazquez,0x0624b2E6fc69D4Bf7ac5052cea71ebCd7C67bFC8,Artist
Chakrit Leelachupong,0x2C11C79192F1C497B6bb817D5aC90085BD519eBf,Artist
Tayyebeh Rasouli,0x199C65F320B7EA641a55161E3489a1F6851DAB04,Artist
Arissu,0x199C65F320B7EA641a55161E3489a1F6851DAB04,Artist
BOSH,Pih8HCpZM3Cpea1SXEFmvI68,Artist